{"aboutme_main.md":"6f447072","css_base_optimize.md":"ed4fa5ee","browser_main.md":"1dc5d9e0","css_terminology_boxmodel.md":"e9c6d6d6","browser_browserwars.md":"143fd70e","aboutme_selfdesc.md":"64573399","css_main.md":"bbcf3c2f","browser_renderschematic.md":"e6eff496","api-examples.md":"5ac51a8a","css_attr_main.md":"7b5e9076","css_base_main.md":"969d3988","browser_eventloop.md":"7b67f93d","css_attr_attrcalcprocess.md":"89bb5e03","css_terminology_main.md":"478320cd","componentdocs_main.md":"978da2f9","browser_resourcetips.md":"c4ef7013","demo_copytemplate_main.md":"299ec075","index.md":"eafb1c45","css_terminology_cascade.md":"d75ba6fb","css_terminology_bhk.md":"84a4b5fe","js_base_feature.md":"0091b02a","demo_coderain_main.md":"dc1be07e","js_advancedway_tofixed.md":"bf0c70fc","js_base_littlecase.md":"c29484d6","html_element_elevideo.md":"7b111abf","html_base_littlecase.md":"d797d2ce","html_element_eletable.md":"1a107f02","html_element_elelist.md":"1496dcfe","demo_cssfilter_main.md":"7c3a3e81","demo_main.md":"82a80d33","home_base_route.md":"2898671b","interviewquestion_htmlcss.md":"34c345a3","home_base_http.md":"509dc1bc","demo_backgroundforimage_main.md":"a41fa1f4","ts_main.md":"dfab60bf","js_main.md":"1a6197d1","html_base_semantic.md":"943a219d","home_main.md":"31cc8e91","interviewquestion_main.md":"9e1551c2","vue_main.md":"7e4b5032","webpack_main.md":"7edd1fa2","html_element_eleiframe.md":"26e25fca","markdown-examples.md":"264c372a","js_advancedway_debandthr.md":"3d13bd5e","js_base_variable.md":"df2e7774","js_base_datatype.md":"c7e55889","componentdocs_self_line.md":"fe5790b4","interviewquestion_vue.md":"7cc4fb2a","componentdocs_self_picviewer.md":"234518d9","demo_complexanimation_main.md":"77100f26","html_element_eleimg.md":"73df963a","componentdocs_self_detailinfo.md":"ca7c9598","demo_svgstroke_main.md":"3158c5a9","js_base_criterion.md":"c4fd0d5b","demo_infinitescroll_main.md":"20501f74","html_main.md":"5d33b3f0","demo_borderlight_main.md":"fb196f6e","demo_numbertobig_main.md":"e26ed6fc","demo_radar_main.md":"267d7bbd","html_element_textele.md":"1ed52078","home_base_md.md":"0d74ffdb","html_element_eleother.md":"72fe8fd8","vue_vue3_vuejsx.md":"9a652a48","interviewquestion_ecmascript.md":"dc7e88b2","html_element_elea.md":"c41ebea0","html_element_entity.md":"ff46af4f","html_element_eleform.md":"9cf29aeb","vue_base_main.md":"eecc3aaa","demo_solveasyncinfection_main.md":"f2a3e447","vue_base_vue3pkvue2.md":"e159cd53","js_abnormalq_44q.md":"6844cf23","demo_particleclock_main.md":"152b78d3","demo_dingdinganimation_main.md":"5b747130"}
